{
    "2W": {
        "mae": 11141.741577165554,
        "rmse": 18793.016743755605,
        "mape": 0.9721390394849138,
        "horizon": "365 days"
    },
    "3W": {
        "mae": 6246.523316655524,
        "rmse": 8629.805374052914,
        "mape": 0.7706993233458342,
        "horizon": "365 days"
    },
    "4W": {
        "mae": 756.9441666623372,
        "rmse": 1308.581515058151,
        "mape": 1.0238348029021787,
        "horizon": "365 days"
    },
    "Bus": {
        "status": "Error during metrics calculation: 'mape'"
    }
}